<?xml version="1.0" encoding="utf-8" standalone="no" ?>
<modDesc descVersion="62">
	<author>Ifko[nator]</author>
	<version>1.0.0.0</version>
	
	<title>
		<en>PlaceAnywhere</en>
		<de>PlaceAnywhere</de>
	</title>
	
	<description>
		<en>PlaceAnywhere</en>
		<de>PlaceAnywhere</de>
	</description>
	
	<iconFilename>icon_placeAnywhere.dds</iconFilename>
	<multiplayer supported="true"/>
	
	<extraSourceFiles>
		<sourceFile filename="PlaceAnywhere.lua"/>
	</extraSourceFiles>
</modDesc>