<?xml version="1.0" encoding="utf-8" standalone="no" ?>
<modDesc descVersion="73">
	<author>Ifko[nator] - lsfarming-mods.de -</author>
    
	<title>
		<en>Round Baler Extension</en>
        <de>Rundballenpressen Erweiterung</de>
    </title>
    
	<description>
        <en><![CDATA[Specialization they give the possible to press round bales, without need to intervene.]]></en>
		<de><![CDATA[Spezialisierung die es ermöglicht Rundballen zu pressen, ohne das man eingreifen muss.]]></de>
 	</description>
	
	<multiplayer supported="true"/>   
	<iconFilename>icon_roundBalerExtension.dds</iconFilename>
	<version>2.0.2.0</version>
	
	<extraSourceFiles>
        <sourceFile filename="RegisterSpecialization.lua" />
    </extraSourceFiles>
	
	<registerSpecializations>
		<registerSpecialization name="roundBalerExtension" className="RoundBalerExtension" filename="RoundBalerExtension.lua" searchedSpecializations="drivable"/>
	</registerSpecializations>
</modDesc>