<?xml version="1.0" encoding="utf-8" standalone="no" ?>
<GUI name="autoDriveCombineUnloadSettings">
	<GuiElement type="empty" profile="uiInGameMenuFrame">
		<!-- Static page header -->
		<GuiElement type="empty" profile="ingameMenuFrameHeaderPanel" >
			<GuiElement type="bitmap" profile="ingameMenuGeneralSettingsHeaderIcon" />
			<GuiElement type="text" profile="ingameMenuFrameHeaderText" position="80px 0px" text="gui_ad_combineUnloadSettingsPage_title" textUpperCase="false" id="headerText" visible="true" onCreate="onCreateAutoDriveHeaderText" />
		</GuiElement>

		<GuiElement type="bitmap" profile="ingameMenuSettingsBox" id="settingsContainer">
			<GuiElement type="scrollingLayout" profile="ingameMenuSettingsLayout" >
				<GuiElement type="multiTextOption" profile="multiTextOptionSettings" onCreate="onCreateAutoDriveSetting" onClick="onOptionChange" name="preCallLevel" toolTipElementId="ingameMenuHelpBoxText">
					<GuiElement type="button" profile="multiTextOptionSettingsLeft" />
					<GuiElement type="button" profile="multiTextOptionSettingsRight" />
					<GuiElement type="text" profile="multiTextOptionSettingsText" />
					<GuiElement type="text" profile="multiTextOptionSettingsTitle" position="27px 0px" />
					<GuiElement type="bitmap" profile="multiTextOptionSettingsBg" />
					<GuiElement type="bitmap" profile="baseReference" position="730px 0px" size="50px 50px"/>
				</GuiElement>
				<GuiElement type="multiTextOption" profile="multiTextOptionSettings" onCreate="onCreateAutoDriveSetting" onClick="onOptionChange" name="callSecondUnloader" toolTipElementId="ingameMenuHelpBoxText">
					<GuiElement type="button" profile="multiTextOptionSettingsLeft" />
					<GuiElement type="button" profile="multiTextOptionSettingsRight" />
					<GuiElement type="text" profile="multiTextOptionSettingsText" />
					<GuiElement type="text" profile="multiTextOptionSettingsTitle" position="27px 0px" />
					<GuiElement type="bitmap" profile="multiTextOptionSettingsBg" />
					<GuiElement type="bitmap" profile="baseReference" position="730px 0px" size="50px 50px"/>
				</GuiElement>
				<GuiElement type="multiTextOption" profile="multiTextOptionSettings" onCreate="onCreateAutoDriveSetting" onClick="onOptionChange" name="activeUnloading" toolTipElementId="ingameMenuHelpBoxText">
					<GuiElement type="button" profile="multiTextOptionSettingsLeft" />
					<GuiElement type="button" profile="multiTextOptionSettingsRight" />
					<GuiElement type="text" profile="multiTextOptionSettingsText" />
					<GuiElement type="text" profile="multiTextOptionSettingsTitle" position="27px 0px" />
					<GuiElement type="bitmap" profile="multiTextOptionSettingsBg" />
					<GuiElement type="bitmap" profile="baseReference" position="730px 0px" size="50px 50px"/>
				</GuiElement>
			</GuiElement>
		</GuiElement>

		<GuiElement type="bitmap" profile="ingameMenuHelpRowBg" position="210px -64px" id="ingameMenuHelpBox" visible="false">
			<GuiElement type="bitmap" profile="ingameMenuHelpRowIcon" />
			<GuiElement type="text" profile="ingameMenuHelpRowText" id="ingameMenuHelpBoxText" size="1030px 50px" onTextChanged="onIngameMenuHelpTextChanged" />
		</GuiElement>
	</GuiElement>
</GUI>