<?xml version="1.0" encoding="utf-8" standalone="no" ?>
<GUI name="autoDriveDebugSettings">
	<GuiElement type="empty" profile="uiInGameMenuFrame">
		<!-- Static page header -->
		<GuiElement type="empty" profile="ingameMenuFrameHeaderPanel" >
			<GuiElement type="bitmap" profile="ingameMenuGeneralSettingsHeaderIcon" />
			<GuiElement type="text" profile="ingameMenuFrameHeaderText" position="80px 0px" text="gui_ad_debugSettingsPage_title" textUpperCase="false" id="headerText" visible="true" onCreate="onCreateAutoDriveHeaderText" />
		</GuiElement>

		<GuiElement type="bitmap" profile="ingameMenuSettingsBox" id="settingsContainer">
            <GuiElement type="scrollingLayout" profile="ingameMenuSettingsLayout" id="boxLayout" >
				<GuiElement type="listItem" profile="autoDriveDebugSettingsCheckbox" onCreate="onCreateCheckbox" onCreateArgs="1">
					<GuiElement type="toggleButton" profile="autoDriveDebugSettingsCheckboxToggle" onClick="onClickToggle">
						<GuiElement type="button" profile="autoDriveDebugSettingsCheckboxToggleTick" />
						<GuiElement type="button" profile="autoDriveDebugSettingsCheckboxToggleUntick" />
						<GuiElement type="bitmap" profile="autoDriveDebugSettingsCheckboxToggleIcon" imageUVs="0px 0px 128px 128px" />
						<GuiElement type="text" profile="autoDriveDebugSettingsCheckboxToggleText" text="gui_ad_debugChannelVehicle" onCreate="onCreateAutoDriveText1" />
					</GuiElement>
				</GuiElement>
				<GuiElement type="listItem" profile="autoDriveDebugSettingsCheckbox" onCreate="onCreateCheckbox" onCreateArgs="2">
					<GuiElement type="toggleButton" profile="autoDriveDebugSettingsCheckboxToggle" onClick="onClickToggle">
						<GuiElement type="button" profile="autoDriveDebugSettingsCheckboxToggleTick" />
						<GuiElement type="button" profile="autoDriveDebugSettingsCheckboxToggleUntick" />
						<GuiElement type="bitmap" profile="autoDriveDebugSettingsCheckboxToggleIcon" imageUVs="128px 0px 128px 128px" />
						<GuiElement type="text" profile="autoDriveDebugSettingsCheckboxToggleText" text="gui_ad_debugChannelCombine" onCreate="onCreateAutoDriveText2" />
					</GuiElement>
				</GuiElement>
				<GuiElement type="listItem" profile="autoDriveDebugSettingsCheckbox" onCreate="onCreateCheckbox" onCreateArgs="4">
					<GuiElement type="toggleButton" profile="autoDriveDebugSettingsCheckboxToggle" onClick="onClickToggle">
						<GuiElement type="button" profile="autoDriveDebugSettingsCheckboxToggleTick" />
						<GuiElement type="button" profile="autoDriveDebugSettingsCheckboxToggleUntick" />
						<GuiElement type="bitmap" profile="autoDriveDebugSettingsCheckboxToggleIcon" imageUVs="256px 0px 128px 128px" />
						<GuiElement type="text" profile="autoDriveDebugSettingsCheckboxToggleText" text="gui_ad_debugChannelTrailer" onCreate="onCreateAutoDriveText3" />
					</GuiElement>
				</GuiElement>
				<GuiElement type="listItem" profile="autoDriveDebugSettingsCheckbox" onCreate="onCreateCheckbox" onCreateArgs="8">
					<GuiElement type="toggleButton" profile="autoDriveDebugSettingsCheckboxToggle" onClick="onClickToggle">
						<GuiElement type="button" profile="autoDriveDebugSettingsCheckboxToggleTick" />
						<GuiElement type="button" profile="autoDriveDebugSettingsCheckboxToggleUntick" />
						<GuiElement type="bitmap" profile="autoDriveDebugSettingsCheckboxToggleIcon" imageUVs="384px 0px 128px 128px" />
						<GuiElement type="text" profile="autoDriveDebugSettingsCheckboxToggleText" text="gui_ad_debugChannelDev" onCreate="onCreateAutoDriveText4" />
					</GuiElement>
				</GuiElement>
				<GuiElement type="listItem" profile="autoDriveDebugSettingsCheckbox" onCreate="onCreateCheckbox" onCreateArgs="16">
					<GuiElement type="toggleButton" profile="autoDriveDebugSettingsCheckboxToggle" onClick="onClickToggle">
						<GuiElement type="button" profile="autoDriveDebugSettingsCheckboxToggleTick" />
						<GuiElement type="button" profile="autoDriveDebugSettingsCheckboxToggleUntick" />
						<GuiElement type="bitmap" profile="autoDriveDebugSettingsCheckboxToggleIcon" imageUVs="512px 0px 128px 128px" />
						<GuiElement type="text" profile="autoDriveDebugSettingsCheckboxToggleText" text="gui_ad_debugChannelPath" onCreate="onCreateAutoDriveText5" />
					</GuiElement>
				</GuiElement>
				<GuiElement type="listItem" profile="autoDriveDebugSettingsCheckbox" onCreate="onCreateCheckbox" onCreateArgs="32">
					<GuiElement type="toggleButton" profile="autoDriveDebugSettingsCheckboxToggle" onClick="onClickToggle">
						<GuiElement type="button" profile="autoDriveDebugSettingsCheckboxToggleTick" />
						<GuiElement type="button" profile="autoDriveDebugSettingsCheckboxToggleUntick" />
						<GuiElement type="bitmap" profile="autoDriveDebugSettingsCheckboxToggleIcon" imageUVs="640px 0px 128px 128px" />
						<GuiElement type="text" profile="autoDriveDebugSettingsCheckboxToggleText" text="gui_ad_debugChannelSensor" onCreate="onCreateAutoDriveText6" />
					</GuiElement>
				</GuiElement>
				<GuiElement type="listItem" profile="autoDriveDebugSettingsCheckbox" onCreate="onCreateCheckbox" onCreateArgs="64">
					<GuiElement type="toggleButton" profile="autoDriveDebugSettingsCheckboxToggle" onClick="onClickToggle">
						<GuiElement type="button" profile="autoDriveDebugSettingsCheckboxToggleTick" />
						<GuiElement type="button" profile="autoDriveDebugSettingsCheckboxToggleUntick" />
						<GuiElement type="bitmap" profile="autoDriveDebugSettingsCheckboxToggleIcon" imageUVs="768px 0px 128px 128px" />
						<GuiElement type="text" profile="autoDriveDebugSettingsCheckboxToggleText" text="gui_ad_debugChannelNetwork" onCreate="onCreateAutoDriveText7" />
					</GuiElement>
				</GuiElement>
				<GuiElement type="listItem" profile="autoDriveDebugSettingsCheckbox" onCreate="onCreateCheckbox" onCreateArgs="128">
					<GuiElement type="toggleButton" profile="autoDriveDebugSettingsCheckboxToggle" onClick="onClickToggle">
						<GuiElement type="button" profile="autoDriveDebugSettingsCheckboxToggleTick" />
						<GuiElement type="button" profile="autoDriveDebugSettingsCheckboxToggleUntick" />
						<GuiElement type="bitmap" profile="autoDriveDebugSettingsCheckboxToggleIcon" imageUVs="896px 0px 128px 128px" />
						<GuiElement type="text" profile="autoDriveDebugSettingsCheckboxToggleText" text="gui_ad_debugChannelExternalInterface" onCreate="onCreateAutoDriveText8" />
					</GuiElement>
				</GuiElement>
				<GuiElement type="listItem" profile="autoDriveDebugSettingsCheckbox" onCreate="onCreateCheckbox" onCreateArgs="256">
					<GuiElement type="toggleButton" profile="autoDriveDebugSettingsCheckboxToggle" onClick="onClickToggle">
						<GuiElement type="button" profile="autoDriveDebugSettingsCheckboxToggleTick" />
						<GuiElement type="button" profile="autoDriveDebugSettingsCheckboxToggleUntick" />
						<GuiElement type="bitmap" profile="autoDriveDebugSettingsCheckboxToggleIcon" imageUVs="128px 128px 128px 128px" />
						<GuiElement type="text" profile="autoDriveDebugSettingsCheckboxToggleText" text="gui_ad_debugChannelRender" onCreate="onCreateAutoDriveText9" />
					</GuiElement>
				</GuiElement>
				<GuiElement type="listItem" profile="autoDriveDebugSettingsCheckbox" onCreate="onCreateCheckbox" onCreateArgs="512">
					<GuiElement type="toggleButton" profile="autoDriveDebugSettingsCheckboxToggle" onClick="onClickToggle">
						<GuiElement type="button" profile="autoDriveDebugSettingsCheckboxToggleTick" />
						<GuiElement type="button" profile="autoDriveDebugSettingsCheckboxToggleUntick" />
						<GuiElement type="bitmap" profile="autoDriveDebugSettingsCheckboxToggleIcon2" imageUVs="780px 780px 234px 234px" />
						<GuiElement type="text" profile="autoDriveDebugSettingsCheckboxToggleText" text="gui_ad_debugChannelRoadNetwork" onCreate="onCreateAutoDriveText10" />
					</GuiElement>
				</GuiElement>
				<!-- <GuiElement type="listItem" profile="autoDriveDebugSettingsCheckbox" onCreate="onCreateCheckbox" onCreateArgs="1024"> -->
					<!-- <GuiElement type="toggleButton" profile="autoDriveDebugSettingsCheckboxToggle" onClick="onClickToggle"> -->
						<!-- <GuiElement type="button" profile="autoDriveDebugSettingsCheckboxToggleTick" /> -->
						<!-- <GuiElement type="button" profile="autoDriveDebugSettingsCheckboxToggleUntick" /> -->
						<!-- <GuiElement type="bitmap" profile="autoDriveDebugSettingsCheckboxToggleIcon" imageUVs="256px 128px 128px 128px" /> -->
						<!-- <GuiElement type="text" profile="autoDriveDebugSettingsCheckboxToggleText" text="gui_ad_debugChannelBGA" onCreate="onCreateAutoDriveText11" /> -->
					<!-- </GuiElement> -->
				<!-- </GuiElement> -->
				<GuiElement type="listItem" profile="autoDriveDebugSettingsCheckbox" onCreate="onCreateCheckbox" onCreateArgs="2048">
					<GuiElement type="toggleButton" profile="autoDriveDebugSettingsCheckboxToggle" onClick="onClickToggle">
						<GuiElement type="button" profile="autoDriveDebugSettingsCheckboxToggleTick" />
						<GuiElement type="button" profile="autoDriveDebugSettingsCheckboxToggleUntick" />
						<GuiElement type="bitmap" profile="autoDriveDebugSettingsCheckboxToggleIcon3" imageUVs="480px 100px 48px 40px" />
						<GuiElement type="text" profile="autoDriveDebugSettingsCheckboxToggleText" text="gui_ad_debugChannelTrains" onCreate="onCreateAutoDriveText12" />
					</GuiElement>
				</GuiElement>
				<GuiElement type="listItem" profile="autoDriveDebugSettingsCheckbox" onCreate="onCreateCheckbox" onCreateArgs="65535">
					<GuiElement type="toggleButton" profile="autoDriveDebugSettingsCheckboxToggle" onClick="onClickToggle">
						<GuiElement type="button" profile="autoDriveDebugSettingsCheckboxToggleTick" />
						<GuiElement type="button" profile="autoDriveDebugSettingsCheckboxToggleUntick" />
						<GuiElement type="bitmap" profile="autoDriveDebugSettingsCheckboxToggleIcon" imageUVs="0px 128px 128px 128px" />
						<GuiElement type="text" profile="autoDriveDebugSettingsCheckboxToggleText" text="gui_ad_debugChannelAll" onCreate="onCreateAutoDriveText13" />
					</GuiElement>
				</GuiElement>
			</GuiElement>
		</GuiElement>
	</GuiElement>
</GUI>
