<?xml version="1.0" encoding="utf-8" standalone="no" ?>
<GUI name="autoDriveExperimentalFeaturesSettings" onCreate="onCreate">
	<GuiElement type="empty" profile="uiInGameMenuFrame">
		<!-- Static page header -->
		<GuiElement type="empty" profile="ingameMenuFrameHeaderPanel" >
			<GuiElement type="bitmap" profile="ingameMenuGeneralSettingsHeaderIcon" />
			<GuiElement type="text" profile="ingameMenuFrameHeaderText" position="80px 0px" text="gui_ad_eFeaturesSettingsPage_title" textUpperCase="false" id="headerText" visible="true" onCreate="onCreateAutoDriveHeaderText" />
		</GuiElement>

		<GuiElement type="bitmap" profile="ingameMenuSettingsBox" id="settingsContainer">
            <GuiElement type="scrollingLayout" profile="ingameMenuSettingsLayout" id="boxLayout" >
				<GuiElement type="multiTextOption" profile="multiTextOptionSettings" onClick="onOptionChange" onCreate="onCreateElement" id="cloneElement">
					<GuiElement type="button" profile="multiTextOptionSettingsLeft" />
					<GuiElement type="button" profile="multiTextOptionSettingsRight" />
					<GuiElement type="text" profile="multiTextOptionSettingsText" />
					<GuiElement type="text" profile="multiTextOptionSettingsTitle" />
					<GuiElement type="bitmap" profile="multiTextOptionSettingsBg" />
				</GuiElement>
			</GuiElement>
		</GuiElement>
	</GuiElement>
</GUI>