<?xml version="1.0" encoding="utf-8" standalone="no" ?>
<GUI onOpen="onOpen" onClose="onClose" onCreate="onCreate">

    <GuiElement type="bitmap" profile="yesNoDialogBg" size="740px 540px" screenAlign="topCenter" positionOrigin="topCenter">
        <GuiElement type="bitmap" profile="dialogHeaderDocked">
            <GuiElement type="text" profile="dialogHeaderText" text="gui_ad_notificationHistoryTitle" textUpperCase="false" id="headerText" visible="true" onCreate="onCreateAutoDriveHeaderText" />
        </GuiElement>

        <GuiElement type="empty" profile="autoDriveNotificationHistoryNavigationBox" >

            <GuiElement type="list" profile="autoDriveNotificationHistoryList" position="10px -160px" onSelectionChanged="onListSelectionChanged" onDoubleClick="onDoubleClick" id="autoDriveNotificationsList">
                <GuiElement type="listItem" profile="autoDriveNotificationHistoryListItem" id="listItemTemplate">
                    <GuiElement type="bitmap" profile="autoDriveNotificationHistoryItemIcon" name="listItemIcon" />
                    <GuiElement type="text" profile="autoDriveNotificationHistoryItemText" text="Notification text" name="listItemText" />
                </GuiElement>

            </GuiElement>

            <GuiElement type="bitmap" profile="verticalGlassListSliderBackground" size="28px 530px" >
                <GuiElement type="slider" profile="verticalGlassListSlider" size="16px 518px" dataElementId="autoDriveNotificationsList" handleFocus="false" />
            </GuiElement>
        </GuiElement>
        <GuiElement type="flowLayout" profile="buttonBoxDocked">
            <GuiElement type="button" profile="buttonBack" text="$l10n_button_back" onClick="onClickBack" />
            <GuiElement type="button" profile="buttonCancel" text="$l10n_button_delete" onClick="onClickCancel" />
            <GuiElement type="button" profile="buttonActivate" text="button_delete_all" onClick="onClickActivate" textUpperCase="false" onCreate="onCreateAutoDriveText1" />
        </GuiElement>

    </GuiElement>
</GUI>