<?xml version="1.0" encoding="utf-8" standalone="no" ?>
<GUI name="autoDriveVehicleSettings">
	<GuiElement type="empty" profile="uiInGameMenuFrame">
		<!-- Static page header -->
		<GuiElement type="empty" profile="ingameMenuFrameHeaderPanel" >
			<GuiElement type="bitmap" profile="ingameMenuGeneralSettingsHeaderIcon" />
			<GuiElement type="text" profile="ingameMenuFrameHeaderText" position="80px 0px" text="gui_ad_vehicleSettingsPage_title" textUpperCase="false" id="headerText" visible="true" onCreate="onCreateAutoDriveHeaderText" />
		</GuiElement>
		<GuiElement type="bitmap" profile="ingameMenuSettingsBox" id="settingsContainer">
            <GuiElement type="scrollingLayout" profile="ingameMenuSettingsLayout" id="boxLayout" >
				<GuiElement type="multiTextOption" profile="multiTextOptionSettings" onCreate="onCreateAutoDriveSetting" onClick="onOptionChange" name="cornerSpeed" toolTipElementId="ingameMenuHelpBoxText">
					<GuiElement type="button" profile="multiTextOptionSettingsLeft" />
					<GuiElement type="button" profile="multiTextOptionSettingsRight" />
					<GuiElement type="text" profile="multiTextOptionSettingsText" />
					<GuiElement type="text" profile="multiTextOptionSettingsTitle" position="27px 0px" />
					<GuiElement type="bitmap" profile="multiTextOptionSettingsBg" />
					<GuiElement type="bitmap" profile="baseReference" position="730px 0px" size="50px 50px"/>
				</GuiElement>
				<GuiElement type="multiTextOption" profile="multiTextOptionSettings" onCreate="onCreateAutoDriveSetting" onClick="onOptionChange" name="pipeOffset" toolTipElementId="ingameMenuHelpBoxText">
					<GuiElement type="button" profile="multiTextOptionSettingsLeft" />
					<GuiElement type="button" profile="multiTextOptionSettingsRight" />
					<GuiElement type="text" profile="multiTextOptionSettingsText" />
					<GuiElement type="text" profile="multiTextOptionSettingsTitle" position="27px 0px" />
					<GuiElement type="bitmap" profile="multiTextOptionSettingsBg" />
					<GuiElement type="bitmap" profile="baseReference" position="730px 0px" size="50px 50px"/>
				</GuiElement>
				<GuiElement type="multiTextOption" profile="multiTextOptionSettings" onCreate="onCreateAutoDriveSetting" onClick="onOptionChange" name="followDistance" toolTipElementId="ingameMenuHelpBoxText">
					<GuiElement type="button" profile="multiTextOptionSettingsLeft" />
					<GuiElement type="button" profile="multiTextOptionSettingsRight" />
					<GuiElement type="text" profile="multiTextOptionSettingsText" />
					<GuiElement type="text" profile="multiTextOptionSettingsTitle" position="27px 0px" />
					<GuiElement type="bitmap" profile="multiTextOptionSettingsBg" />
					<GuiElement type="bitmap" profile="baseReference" position="730px 0px" size="50px 50px"/>
				</GuiElement>
				<GuiElement type="multiTextOption" profile="multiTextOptionSettings" onCreate="onCreateAutoDriveSetting" onClick="onOptionChange" name="unloadFillLevel" toolTipElementId="ingameMenuHelpBoxText">
					<GuiElement type="button" profile="multiTextOptionSettingsLeft" />
					<GuiElement type="button" profile="multiTextOptionSettingsRight" />
					<GuiElement type="text" profile="multiTextOptionSettingsText" />
					<GuiElement type="text" profile="multiTextOptionSettingsTitle" position="27px 0px" />
					<GuiElement type="bitmap" profile="multiTextOptionSettingsBg" />
					<GuiElement type="bitmap" profile="baseReference" position="730px 0px" size="50px 50px"/>
				</GuiElement>
				<GuiElement type="multiTextOption" profile="multiTextOptionSettings" onCreate="onCreateAutoDriveSetting" onClick="onOptionChange" name="exitField" toolTipElementId="ingameMenuHelpBoxText">
					<GuiElement type="button" profile="multiTextOptionSettingsLeft" />
					<GuiElement type="button" profile="multiTextOptionSettingsRight" />
					<GuiElement type="text" profile="multiTextOptionSettingsText" />
					<GuiElement type="text" profile="multiTextOptionSettingsTitle" position="27px 0px" />
					<GuiElement type="bitmap" profile="multiTextOptionSettingsBg" />
					<GuiElement type="bitmap" profile="baseReference" position="730px 0px" size="50px 50px"/>
				</GuiElement>
				<GuiElement type="multiTextOption" profile="multiTextOptionSettings" onCreate="onCreateAutoDriveSetting" onClick="onOptionChange" name="restrictToField" toolTipElementId="ingameMenuHelpBoxText">
					<GuiElement type="button" profile="multiTextOptionSettingsLeft" />
					<GuiElement type="button" profile="multiTextOptionSettingsRight" />
					<GuiElement type="text" profile="multiTextOptionSettingsText" />
					<GuiElement type="text" profile="multiTextOptionSettingsTitle" position="27px 0px" />
					<GuiElement type="bitmap" profile="multiTextOptionSettingsBg" />
					<GuiElement type="bitmap" profile="baseReference" position="730px 0px" size="50px 50px"/>
				</GuiElement>
				<GuiElement type="multiTextOption" profile="multiTextOptionSettings" onCreate="onCreateAutoDriveSetting" onClick="onOptionChange" name="followOnlyOnField" toolTipElementId="ingameMenuHelpBoxText">
					<GuiElement type="button" profile="multiTextOptionSettingsLeft" />
					<GuiElement type="button" profile="multiTextOptionSettingsRight" />
					<GuiElement type="text" profile="multiTextOptionSettingsText" />
					<GuiElement type="text" profile="multiTextOptionSettingsTitle" position="27px 0px" />
					<GuiElement type="bitmap" profile="multiTextOptionSettingsBg" />
					<GuiElement type="bitmap" profile="baseReference" position="730px 0px" size="50px 50px"/>
				</GuiElement>
				<GuiElement type="multiTextOption" profile="multiTextOptionSettings" onCreate="onCreateAutoDriveSetting" onClick="onOptionChange" name="avoidFruit" toolTipElementId="ingameMenuHelpBoxText">
					<GuiElement type="button" profile="multiTextOptionSettingsLeft" />
					<GuiElement type="button" profile="multiTextOptionSettingsRight" />
					<GuiElement type="text" profile="multiTextOptionSettingsText" />
					<GuiElement type="text" profile="multiTextOptionSettingsTitle" position="27px 0px" />
					<GuiElement type="bitmap" profile="multiTextOptionSettingsBg" />
					<GuiElement type="bitmap" profile="baseReference" position="730px 0px" size="50px 50px"/>
				</GuiElement>
				<GuiElement type="multiTextOption" profile="multiTextOptionSettings" onCreate="onCreateAutoDriveSetting" onClick="onOptionChange" name="parkInField" toolTipElementId="ingameMenuHelpBoxText">
					<GuiElement type="button" profile="multiTextOptionSettingsLeft" />
					<GuiElement type="button" profile="multiTextOptionSettingsRight" />
					<GuiElement type="text" profile="multiTextOptionSettingsText" />
					<GuiElement type="text" profile="multiTextOptionSettingsTitle" position="27px 0px" />
					<GuiElement type="bitmap" profile="multiTextOptionSettingsBg" />
					<GuiElement type="bitmap" profile="baseReference" position="730px 0px" size="50px 50px"/>
				</GuiElement>
				<GuiElement type="multiTextOption" profile="multiTextOptionSettings" onCreate="onCreateAutoDriveSetting" onClick="onOptionChange" name="rotateTargets" toolTipElementId="ingameMenuHelpBoxText">
					<GuiElement type="button" profile="multiTextOptionSettingsLeft" />
					<GuiElement type="button" profile="multiTextOptionSettingsRight" />
					<GuiElement type="text" profile="multiTextOptionSettingsText" />
					<GuiElement type="text" profile="multiTextOptionSettingsTitle" position="27px 0px" />
					<GuiElement type="bitmap" profile="multiTextOptionSettingsBg" />
					<GuiElement type="bitmap" profile="baseReference" position="730px 0px" size="50px 50px"/>
				</GuiElement>
<!--
				<GuiElement type="multiTextOption" profile="multiTextOptionSettings" onCreate="onCreateAutoDriveSetting" onClick="onOptionChange" name="shovelWidth" toolTipElementId="ingameMenuHelpBoxText"> 
					<GuiElement type="button" profile="multiTextOptionSettingsLeft" /> 
					<GuiElement type="button" profile="multiTextOptionSettingsRight" /> 
					<GuiElement type="text" profile="multiTextOptionSettingsText" /> 
					<GuiElement type="text" profile="multiTextOptionSettingsTitle" position="27px 0px" />
					<GuiElement type="bitmap" profile="multiTextOptionSettingsBg" />
					<GuiElement type="bitmap" profile="baseReference" position="730px 0px" size="50px 50px"/>
				</GuiElement> 
				<GuiElement type="multiTextOption" profile="multiTextOptionSettings" onCreate="onCreateAutoDriveSetting" onClick="onOptionChange" name="shovelHeight" toolTipElementId="ingameMenuHelpBoxText"> 
					<GuiElement type="button" profile="multiTextOptionSettingsLeft" /> 
					<GuiElement type="button" profile="multiTextOptionSettingsRight" /> 
					<GuiElement type="text" profile="multiTextOptionSettingsText" /> 
					<GuiElement type="text" profile="multiTextOptionSettingsTitle" position="27px 0px" />
					<GuiElement type="bitmap" profile="multiTextOptionSettingsBg" />
					<GuiElement type="bitmap" profile="baseReference" position="730px 0px" size="50px 50px"/>
				</GuiElement>
-->

				<GuiElement type="multiTextOption" profile="multiTextOptionSettings" onCreate="onCreateAutoDriveSetting" onClick="onOptionChange" name="autoRefuel" toolTipElementId="ingameMenuHelpBoxText">
					<GuiElement type="button" profile="multiTextOptionSettingsLeft" />
					<GuiElement type="button" profile="multiTextOptionSettingsRight" />
					<GuiElement type="text" profile="multiTextOptionSettingsText" />
					<GuiElement type="text" profile="multiTextOptionSettingsTitle" position="27px 0px" />
					<GuiElement type="bitmap" profile="multiTextOptionSettingsBg" />
					<GuiElement type="bitmap" profile="baseReference" position="730px 0px" size="50px 50px"/>
				</GuiElement>
				<GuiElement type="multiTextOption" profile="multiTextOptionSettings" onCreate="onCreateAutoDriveSetting" onClick="onOptionChange" name="autoRepair" toolTipElementId="ingameMenuHelpBoxText">
					<GuiElement type="button" profile="multiTextOptionSettingsLeft" />
					<GuiElement type="button" profile="multiTextOptionSettingsRight" />
					<GuiElement type="text" profile="multiTextOptionSettingsText" />
					<GuiElement type="text" profile="multiTextOptionSettingsTitle" position="27px 6px" />
					<GuiElement type="bitmap" profile="multiTextOptionSettingsBg" />
					<GuiElement type="bitmap" profile="baseReference" position="730px 0px" size="50px 50px"/>
				</GuiElement>
				<GuiElement type="multiTextOption" profile="multiTextOptionSettings" onCreate="onCreateAutoDriveSetting" onClick="onOptionChange" name="enableParkAtJobFinished" toolTipElementId="ingameMenuHelpBoxText">
					<GuiElement type="button" profile="multiTextOptionSettingsLeft" />
					<GuiElement type="button" profile="multiTextOptionSettingsRight" />
					<GuiElement type="text" profile="multiTextOptionSettingsText" />
					<GuiElement type="text" profile="multiTextOptionSettingsTitle" position="27px 0px" />
					<GuiElement type="bitmap" profile="multiTextOptionSettingsBg" />
					<GuiElement type="bitmap" profile="baseReference" position="730px 0px" size="50px 50px"/>
				</GuiElement>
				<GuiElement type="multiTextOption" profile="multiTextOptionSettings" onCreate="onCreateAutoDriveSetting" onClick="onOptionChange" name="autoTipSide" toolTipElementId="ingameMenuHelpBoxText">
					<GuiElement type="button" profile="multiTextOptionSettingsLeft" />
					<GuiElement type="button" profile="multiTextOptionSettingsRight" />
					<GuiElement type="text" profile="multiTextOptionSettingsText" />
					<GuiElement type="text" profile="multiTextOptionSettingsTitle" position="27px 0px" />
					<GuiElement type="bitmap" profile="multiTextOptionSettingsBg" />
					<GuiElement type="bitmap" profile="baseReference" position="730px 0px" size="50px 50px"/>
				</GuiElement>
				<GuiElement type="multiTextOption" profile="multiTextOptionSettings" onCreate="onCreateAutoDriveSetting" onClick="onOptionChange" name="autoTrailerCover" toolTipElementId="ingameMenuHelpBoxText">
					<GuiElement type="button" profile="multiTextOptionSettingsLeft" />
					<GuiElement type="button" profile="multiTextOptionSettingsRight" />
					<GuiElement type="text" profile="multiTextOptionSettingsText" />
					<GuiElement type="text" profile="multiTextOptionSettingsTitle" position="27px 0px" />
					<GuiElement type="bitmap" profile="multiTextOptionSettingsBg" />
					<GuiElement type="bitmap" profile="baseReference" position="730px 0px" size="50px 50px"/>
				</GuiElement>
 				<GuiElement type="multiTextOption" profile="multiTextOptionSettings" onCreate="onCreateAutoDriveSetting" onClick="onOptionChange" name="ALUnload" toolTipElementId="ingameMenuHelpBoxText"> 
					<GuiElement type="button" profile="multiTextOptionSettingsLeft" /> 
					<GuiElement type="button" profile="multiTextOptionSettingsRight" /> 
					<GuiElement type="text" profile="multiTextOptionSettingsText" /> 
					<GuiElement type="text" profile="multiTextOptionSettingsTitle" position="27px 0px" />
					<GuiElement type="bitmap" profile="multiTextOptionSettingsBg" />
					<GuiElement type="bitmap" profile="baseReference" position="730px 0px" size="50px 50px"/>
				</GuiElement> 
				<GuiElement type="multiTextOption" profile="multiTextOptionSettings" onCreate="onCreateAutoDriveSetting" onClick="onOptionChange" name="ALUnloadWaitTime" toolTipElementId="ingameMenuHelpBoxText"> 
					<GuiElement type="button" profile="multiTextOptionSettingsLeft" /> 
					<GuiElement type="button" profile="multiTextOptionSettingsRight" /> 
					<GuiElement type="text" profile="multiTextOptionSettingsText" /> 
					<GuiElement type="text" profile="multiTextOptionSettingsTitle" position="27px 0px" />
					<GuiElement type="bitmap" profile="multiTextOptionSettingsBg" />
					<GuiElement type="bitmap" profile="baseReference" position="730px 0px" size="50px 50px"/>
				</GuiElement> 
				<GuiElement type="multiTextOption" profile="multiTextOptionSettings" onCreate="onCreateAutoDriveSetting" onClick="onOptionChange" name="maxTriggerDistanceVehicle" toolTipElementId="ingameMenuHelpBoxText">
					<GuiElement type="button" profile="multiTextOptionSettingsLeft" />
					<GuiElement type="button" profile="multiTextOptionSettingsRight" />
					<GuiElement type="text" profile="multiTextOptionSettingsText" />
					<GuiElement type="text" profile="multiTextOptionSettingsTitle" position="27px 0px" />
					<GuiElement type="bitmap" profile="multiTextOptionSettingsBg" />
					<GuiElement type="bitmap" profile="baseReference" position="730px 0px" size="50px 50px"/>
				</GuiElement>
			</GuiElement>
		</GuiElement>
		<GuiElement type="bitmap" profile="ingameMenuHelpRowBg" position="210px -64px" id="ingameMenuHelpBox" visible="false">
			<GuiElement type="bitmap" profile="ingameMenuHelpRowIcon" />
			<GuiElement type="text" profile="ingameMenuHelpRowText" id="ingameMenuHelpBoxText" size="1030px 50px" onTextChanged="onIngameMenuHelpTextChanged" />
		</GuiElement>
	</GuiElement>
</GUI>