<!--
===================================================================================================

* FILLTYPES:
    - Below is an entry from the default map_fillTypes.xml file. Here you can add fillType group
      information as well as adjust display mass.

    - These entries only work inside of map/mod embedded fillTypes.mxl files. This is an optional,
      quality of life feature. FillType group and display mass can also be set using the default
      Unit Convert system. UC settings will override the values set here. See sdk/xml/fillTypes.xml
      for more information.

    - In the example below, "WHEAT" has been added to the UnitConvert "GRAIN" group, and its
      display mass has been set to 0.8 kg/l. The physics mass stays the same.

    <fillTypes>
        <fillType name="WHEAT" title="$l10n_fillType_wheat" showOnPriceTable="true" unitShort="$l10n_unit_literShort">
            <unitConvert group="GRAIN" displayMass="0.80"/>
            <physics massPerLiter="0.78" maxPhysicalSurfaceAngle="15" />
            <economy pricePerLiter="0.337">
                <factors>
                    <factor period="1"  value="1.00" />
                    <factor period="2"  value="1.07" />
                    <factor period="3"  value="0.99" />
                    <factor period="4"  value="0.94" />
                    <factor period="5"  value="0.85" />
                    <factor period="6"  value="0.81" />
                    <factor period="7"  value="0.86" />
                    <factor period="8"  value="0.99" />
                    <factor period="9"  value="1.08" />
                    <factor period="10" value="1.13" />
                    <factor period="11" value="1.21" />
                    <factor period="12" value="1.08" />
                </factors>
            </economy>
            <image      hud     ="$dataS/menu/hud/fillTypes/hud_fill_wheat.png" />
            <pallet     filename="$data/objects/pallets/fillablePallet/fillablePallet.xml" />
            <textures   diffuse ="$data/fillPlanes/wheat_diffuse.png"
                        normal  ="$data/fillPlanes/wheat_normal.png"
                        specular="$data/fillPlanes/wheat_specular.png"
                        distance="$data/fillPlanes/distance/wheatDistance_diffuse.png" />
        </fillType>
    </fillTypes>

===================================================================================================
-->