<?xml version="1.0" encoding="utf-8" standalone="no" ?>
<GUI name="InGameMenuLoanSystem">
   <GuiElement type="empty" profile="ELS_frame">
        <GuiElement type="empty" profile="ELS_headerPanel">
            <GuiElement type="text" profile="ELS_headerText" text="$l10n_els_ui_inGameMenuTitle"/>
            <GuiElement type="text" profile="ELS_loanInterestText" text="$l10n_els_ui_inGameMenuLoanInterest" id="currentLoanInterest"/>
        </GuiElement>

        <GuiElement type="empty" profile="ELS_ingameMenuListBox" id="mainBox">
            <GuiElement type="bitmap" profile="ELS_headerBox" id="tableHeaderBox">
                <GuiElement type="text" profile="ELS_headerCell" position="0px 0px"     size="200px 40.77px" text="$l10n_els_ui_header_amount"/>
                <GuiElement type="text" profile="ELS_headerCell" position="200px 0px"   size="200px 40.77px" text="$l10n_els_ui_header_interest"/>
                <GuiElement type="text" profile="ELS_headerCell" position="400px 0px"   size="350px 40.77px" text="$l10n_els_ui_header_periodRate"/>
                <GuiElement type="text" profile="ELS_headerCell" position="750px 0px"   size="250px 40.77px" text="$l10n_els_ui_header_duration"/>
                <GuiElement type="text" profile="ELS_headerCell" position="1000px 0px"  size="250px 40.77px" text="$l10n_els_ui_header_restDuration"/>
                <GuiElement type="text" profile="ELS_headerCell" position="1250px 0px"  size="250px 40.77px" text="$l10n_els_ui_header_restAmount"/>
            </GuiElement>

            <GuiElement type="smoothList" profile="ELS_list" id="loanTable" focusInit="onOpen" listSectionHeader="section">
                <GuiElement type="listItem" profile="ELS_listItem" name="fieldCalculatorRowTemplate" >
                    <GuiElement type="bitmap" profile="emptyPanel">
                        <GuiElement type="text" profile="ELS_rowCell" position="0px 0px"    size="200px 40.77px" name="amount" />
                        <GuiElement type="text" profile="ELS_rowCell" position="200px 0px"  size="200px 40.77px" name="interest" />
                        <GuiElement type="text" profile="ELS_rowCell" position="400px 0px"  size="350px 40.77px" name="periodRate" />
                        <GuiElement type="text" profile="ELS_rowCell" position="750px 0px"  size="250px 40.77px" name="duration" />
                        <GuiElement type="text" profile="ELS_rowCell" position="1000px 0px" size="250px 40.77px" name="restDuration" />
                        <GuiElement type="text" profile="ELS_rowCell" position="1250px 0px" size="250px 40.77px" name="restAmount" />
                    </GuiElement>
                </GuiElement>
                <GuiElement type="listItem" profile="ingameMenuContractsListCategory" name="section">
                    <GuiElement type="text" profile="ingameMenuContractsListCategoryTitle" text="Contracts Title" name="title"/>
                </GuiElement>
            </GuiElement>

            <GuiElement type="threePartBitmap" profile="ELS_ingameMenuSlider" >
                <GuiElement type="slider" profile="ELS_ingameMenuSliderBar" dataElementId="loanTable" handleFocus="true" focusInit="onOpen"/>
            </GuiElement>
        </GuiElement>
    </GuiElement>
</GUI>