<?xml version="1.0" encoding="utf-8" standalone="no" ?>
<GUIProfiles>
    <Presets>
        <Preset name="colorTransparent" value="0 0 0 0"/>
        <Preset name="colorWhite" value="1 1 1 1"/>
        <Preset name="colorDisabled" value="0.4 0.4 0.4 1"/>
        <Preset name="colorGrayHeader" value="0.4 0.4 0.4 1"/>
        <Preset name="colorListHeaderBackground" value="0 0 0 0.35" />
    </Presets>

    <!-- Loan InGameMenu -->

    <Profile name="ELS_frame" extends="emptyPanel" with="anchorMiddleCenter">
        <Value name="size" value="1624px 776px"/>
        <Value name="debugEnabled" value="false"/>
    </Profile>

    <Profile name="ELS_headerPanel" extends="emptyPanel" with="anchorTopCenter">
        <Value name="size" value="1500px 64px"/>
        <Value name="position" value="0px 64px"/>
    </Profile>

    <Profile name="ELS_headerText" extends="textDefault">
        <Value name="size" value="600px 64px" />
        <Value name="position" value="0px 0px" />
        <Value name="textSize" value="31px"/>
        <Value name="textBold" value="false"/>
        <Value name="textUpperCase" value="true"/>
        <Value name="textDisabledColor" value="$preset_colorDisabled"/>
    </Profile>

    <Profile name="ELS_loanInterestText" extends="textDefault">
        <Value name="size" value="900px 64px" />
        <Value name="position" value="600px 0px" />
        <Value name="textSize" value="31px"/>
        <Value name="textBold" value="false"/>
        <Value name="textUpperCase" value="true"/>
        <Value name="textDisabledColor" value="$preset_colorDisabled"/>
        <Value name="textAlignment" value="right"/>
    </Profile>

    <Profile name="ELS_headerBox" extends="emptyPanel" with="anchorTopCenter">
        <Value name="size" value="1500px 50px"/>
        <Value name="alignmentX" value="left"/>
        <Value name="alignmentY" value="middle"/>
        <Value name="imageColor" value="$preset_colorListHeaderBackground"/>
        <Value name="flowDirection" value="horizontal"/>
        <Value name="wrapAround" value="true"/>
        <Value name="lateralFlowSize" value="200px"/>
        <Value name="fitToElements" value="false"/>
        <Value name="autoValidateLayout" value="true"/>
        <Value name="hasFrame" value="false"/>
    </Profile>

    <Profile name="ELS_headerCell" extends="ingameMenuFrameHeaderText" with="anchorMiddleLeft">
        <Value name="textSize" value="20px"/>
        <Value name="textBold" value="false"/>
        <Value name="textUpperCase" value="false"/>
        <Value name="textColor" value="$preset_colorGrayHeader"/>
        <Value name="textAlignment" value="center"/>
        <Value name="textVerticalAlignment" value="middle"/>
    </Profile>

    <Profile name="ELS_ingameMenuListBox" extends="emptyPanel" with="anchorTopCenter">
        <Value name="size" value="1600px 756px"/>
        <Value name="position" value="0" />
    </Profile>

    <Profile name="ELS_list" extends="ingameMenuContractsList" with="anchorTopCenter">
        <Value name="size" value="1500px 700px"/>
        <Value name="position" value="0px -60px"/>
    </Profile>

    <Profile name="ELS_listItem" extends="ingameMenuContractsListItem" with="anchorBottomLeft">
        <Value name="size" value="1500px 40.77px"/>
    </Profile>

    <Profile name="ELS_ingameMenuSlider" extends="verticalListSliderRightDocked">
        <Value name="size" value="12px 700px" />
        <Value name="position" value="0px -60px" />
    </Profile>

    <Profile name="ELS_ingameMenuSliderBar" extends="verticalListSliderBar">
        <Value name="size" value="6px 692px" />
    </Profile>

    <Profile name="ELS_rowCell" extends="baseReference">
        <Value name="textSize" value="18px"/>
        <Value name="textBold" value="false"/>
        <Value name="textUpperCase" value="false"/>
        <Value name="textColor" value="$preset_colorWhite"/>
        <Value name="textAlignment" value="center"/>
        <Value name="textVerticalAlignment" value="middle"/>
    </Profile>

    <!-- Take loan dialog -->
    <Profile name="ELS_takeLoanDialog" extends="dialogBg">
        <Value name="size" value="800px 450px"/>
    </Profile>

    <Profile name="ELS_takeLoanText" extends="dialogText" with="anchorTopCenter">
        <Value name="position" value="0px -30px"/>
        <Value name="size" value="510px 25px"/>
        <Value name="textSize" value="20px"/>
        <Value name="textWrapWidth" value="400px"/>
    </Profile>

    <Profile name="ELS_takeLoanFlowLayout" extends="baseReference" with="anchorTopCenter">
        <Value name="alignmentX" value="middle"/>
        <Value name="alignmentY" value="middle"/>
        <Value name="size" value="350px 200px"/>
        <Value name="position" value="0px -130px"/>
        <Value name="imageColor" value="$preset_colorTransparent"/>
    </Profile>

    <Profile name="ELS_takeLoanFlowLayoutHorizontal" extends="baseReference" with="anchorBottomCenter">
        <Value name="alignmentX" value="center"/>
        <Value name="alignmentY" value="middle"/>
        <Value name="size" value="600px 40px"/>
        <Value name="position" value="0px -40px"/>
        <Value name="imageColor" value="$preset_colorTransparent"/>
        <Value name="flowDirection" value="horizontal"/>
    </Profile>

    <Profile name="ELS_takeLoanInfoTextShort" extends="textDefault">
        <Value name="position" value="0px 0px"/>
        <Value name="size" value="350px 20px"/>
        <Value name="textSize" value="16px"/>
        <Value name="textWrapWidth" value="200px"/>
        <Value name="textAlignment" value="center"/>
    </Profile>

    <Profile name="ELS_takeLoanInfoTextLong" extends="textDefault">
        <Value name="position" value="0px 0px"/>
        <Value name="size" value="300px 20px"/>
        <Value name="textSize" value="16px"/>
        <Value name="textWrapWidth" value="300px"/>
        <Value name="textAlignment" value="center"/>
    </Profile>

    <Profile name="ELS_takeLoanInputText" extends="textDefault">
        <Value name="position" value="0px 0px"/>
        <Value name="size" value="350px 20px"/>
        <Value name="textSize" value="16px"/>
        <Value name="textWrapWidth" value="350px"/>
    </Profile>

    <Profile name="ELS_takeLoanInput" extends="textInput">
        <Value name="size" value="340px 48px"/>
        <Value name="position" value="0px 50px"/>
        <Value name="maxCharacters" value="9"/>
    </Profile>

    <Profile name="ELS_takeLoanInputYear" extends="textInput">
        <Value name="size" value="340px 48px"/>
        <Value name="position" value="0px 50px"/>
        <Value name="maxCharacters" value="2"/>
    </Profile>

    <!-- Take loan dialog -->
    <Profile name="ELS_specialRedemptionPaymentDialog" extends="dialogBg">
        <Value name="size" value="750px 200px"/>
    </Profile>

    <Profile name="ELS_specialRedemptionPaymentText" extends="dialogText">
        <Value name="position" value="0px -20px"/>
        <Value name="size" value="750px 20px"/>
        <Value name="textSize" value="20px"/>
        <Value name="textWrapWidth" value="300px"/>
        <Value name="textAlignment" value="center"/>
    </Profile>

    <Profile name="ELS_specialRedemptionPaymentFlowLayout" extends="baseReference" with="anchorMiddleCenter">
        <Value name="alignmentX" value="middle"/>
        <Value name="alignmentY" value="middle"/>
        <Value name="size" value="350px 100px"/>
        <Value name="position" value="0px -20px"/>
        <Value name="imageColor" value="$preset_colorTransparent"/>
    </Profile>

    <Profile name="ELS_specialRedemptionPaymentRestAmount" extends="textDefault">
        <Value name="position" value="0px 0px"/>
        <Value name="size" value="350px 20px"/>
        <Value name="textSize" value="16px"/>
        <Value name="textWrapWidth" value="280px"/>
        <Value name="textAlignment" value="center"/>
    </Profile>
</GUIProfiles>