<?xml version="1.0" encoding="utf-8" standalone="no" ?>
<modDesc descVersion="64">
	<author>Blacky_BPG [Convert by Ifko[nator]]</author>
	<version>1.0.0.2</version>
	<title>
		<en>Drive distance counter</en>
		<de>Kilometerzähler</de>
	</title>

	<description>
		<en>Count the driven kilometers</en>
		<de>Zählt die gefahrenen Kilometer</de>
	</description>

	<iconFilename>icon_driveDistance.dds</iconFilename>
	<multiplayer supported="true"/>

	<extraSourceFiles>
		<sourceFile filename="RegisterSpecialization.lua" />
	</extraSourceFiles>

	<registerSpecializations>
		<registerSpecialization name="BPG_DriveDistance" className="BPG_DriveDistance" filename="BPG_DriveDistance.lua" searchedSpecializations="motorized"/>
	</registerSpecializations>

	<l10n>
		<text name="input_RESET_DRIVE_DISTANCE_DAY_BUTTON"><de>Tageskilometerzähler zurücksetzen</de><en>reset drive distance day counter</en></text>
	</l10n>

	<actions>
		<action name="RESET_DRIVE_DISTANCE_DAY_BUTTON" category="VEHICLE" ignoreComboMask="false" />
	</actions>
	
	<inputBinding>
		<actionBinding action="RESET_DRIVE_DISTANCE_DAY_BUTTON">
			<binding device="KB_MOUSE_DEFAULT" input="KEY_lalt KEY_x" axisComponent="+" neutralInput="0" index="1" />
			<binding device="0_XINPUT_GAMEPAD" input="BUTTON_5 BUTTON_2" axisComponent="+" neutralInput="0" index="1" />
		</actionBinding>
	</inputBinding>
</modDesc>