<!--
===================================================================================================

* FILLTYPE GROUPS:
    - You can have as many fillType groups as you want.

    - Current <fillTypeGroup> keys:
        + name: name of fillType group (must be unique)
        + title: group title (default = $l10n_ucFillTypeGroup_[groupName] or fillType group name if l10n entry is not found)
            * example: title="$l10n_ucFillTypeGroup_grain"
            * example: title="$l10n_grain" (l10n entry can be named anything)
            * example: title="Grain" (plain text allowed)

    - Current <unitSet> keys:
        + name: name of existing unit set
            * unit sets that do not exist will be skipped
            * text case does not matter (i.e. "metric" is the same as "METRIC" or "Metric")

    - Current <unit> keys:
        + name: name of existing unit
            * units that do not exist will be skipped
            * text case does not matter (i.e. "bushel" is the same as "BUSHEL" or "Bushel")

    - Units are cycled in game in the order they are set below.
    - If no units are assigned to a fillType group, unit set defaults are used instead.
    - If a unit is assigned to an existing unit set, the internal units will be replaced with the user entries

    - Internally registered fillType groups:
        + grain (anything belonging to the combine category, as well as seeds)
        + liquid (water, milk, spray, etc)
        + piece (anything belonging to the piece category)
        + animal (anything belonging to the animal category)
        + solidProduct (anything solid belonging to the product category)
        + liquidProduct (anything liquid belonging to the product category)
        + electricity (just electricCharge right now)
        + solid (everything else with a unit label associated with it)
        + other (placeholder fillTypes - will not be converted)

    Example #1:
    ===========
    - In this example, the existing "grain" group is edited
    - The mod will look in the global l10n for "fillTypeGroup_grain"
        + If the ModSettings addon is used, it will look in that mod's l10n files for the entry
    - The US Customary unit set is also edited here
        + The units specified below will replace the internally registered defaults
            * Bushel is the first selectable unit
            * Ton is the second selectable unit
    - The Metric unit set is unchanged

    <fillTypeGroups>
        <fillTypeGroup name="GRAIN" title="$l10n_fillTypeGroup_grain">
            <unitSet name="USCUSTOMARY">
                <unit name="bushel"/>
                <unit name="ton"/>
            </unitSet>
        </fillTypeGroup>
    </fillTypeGroups>

    Example #2:
    ===========
    - In this example, the existing "grain" group is again edited
        + The fillType group title is unchanged (title is omitted)
        + The US Customary unit set is unchanged
        + The Metric unit set is edited this time
            * The units specified below will replace the internally registered defaults
                - Liter is the only selectable unit for this fillType group when Metric is selected
    - A new group, called "construction" has been added
        + The title will be set to the global or ModSettings addon l10n entry for "fillTypeGroup_construction"
        + The units used for the US Customary set are set to the following:
            * CubicYard is the first selectable unit
            * MyVolumeUnit is the second selectable unit
            * Ton is the third selectable unit
            * Pound is the fourth selectable unit
        + The units used for the new "Hybrid" unit set (see units.xml) have been set to the following:
            * CubicYard is the first selectable unit
            * Ton is the second selectable unit
            * Pound is the third selectable unit
            * Liter is the fourth selectable unit
            * Tonne is the fifth selectable unit
            * Kilogram is the sixth selectable unit
        + The units for the Metric unit set will use unit set defaults (see units.xml)
        + Units can be listed in any order, volume does not have to come before weight
        + Names are case insensitive, this is showcased below

    <fillTypeGroups>
        <fillTypeGroup name="GRAIN">
            <unitSet name="metric">
                <unit name="LITER"/>
            </unitSet>
        </fillTypeGroup
        <fillTypeGroup name="construction" title="$l10n_fillTypeGroup_construction">
            <unitSet name="usCustomary">
                <unit name="CubicYard"/>
                <unit name="MYVOLUMEUNIT"/>
                <unit name="TON"/>
                <unit name="pound"/>
            </unitSet>
            <unitSet name="hybrid">
                <unit name="CubicYard"/>
                <unit name="Ton"/>
                <unit name="Pound"/>
                <unit name="Liter"/>
                <unit name="Tonne"/>
                <unit name="Kilogram"/>
            </unitSet>
        </fillTypeGroup>
    </fillTypeGroups>

===================================================================================================

* FILLTYPES:
    - FillType section is as follows:

    - You can optionally override a single system, while leaving the other default.
        + In other words, omitted unit sets will continue to use internal default values.
            * The unedited system (US customary, metric) would continue to use internal defaults.
    - Units do NOT have to be assigned at the fillType level. Anything left blank uses group defaults.
        + Units assigned at the fillType level just override group defaults.

    - Current <fillType> keys:
        + name: name of existing fillType
            * fillType will be skipped if it does not exist
            * text case does not matter (i.e. "wheat" is the same as "WHEAT" or "Wheat")
        + group: name of existing fillType group
            * fillType group will be skipped if it does not exist
            * text case does not matter (i.e. "solid" is the same as "SOLID" or "Solid")
        + displayMass: mass (in kg/l) used for display purposes
            * does not change the physical mass of the fillType
            * used to adjust weight display without changing vehicle handling

    - Current <unitSet> keys:
        + name: name of existing unit set
            * unit set will be skipped if it does not exist
            * text case does not matter (i.e. "metric" is the same as "METRIC" or "Metric"

    - Current <unit> keys:
        + name: name of existing unit
            * units that do not exist will be skipped
            * text case does not matter (i.e. "bushel" is the same as "BUSHEL" or "Bushel")

    - Units are cycled in game in the order they are set below.
    - If no units are assigned to a fillType, fillType group units are used instead.
    - If a fillType is assigned to the "OTHER" fillType group, it will NOT be converted.

    Example #1:
    ===========
    - In this example, the existing "WHEAT" fillType is edited.
        + Wheat is assigned to the "GRAIN" fillType group
        + Mass will be displayed at 0.78 kg/l, leaving the internal mass unchanged
        + The US Customary unit set is edited here
            * The units specified below will replace the internally registered defaults
                + Bushel is the first and only selectable unit
        + The Metric unit set will use the units registered to the GRAIN fillType group
            * This is because that section is omitted here
    - A second fillType, ROUNDBALE_ALFALFA, is assigned to the "OTHER" fillType group.
        + This fillType will not be converted by UnitConvert in game
            * An exception to this is if units are specifically assigned to this fillType
    - A third fillType, gravel, has been added to new "CONSTRUCTION" fillType group.
        + If the fillType does not exist, the entry is just skipped
        + This fillType will use the units assigned to the "CONSTRUCTION" group for all unit sets
            * This is because all unitSet sections are omitted
    - A fourth fillType, sand, is also added to the new "CONSTRUCTION" fillType group.
        + Again, if the fillType does not exist, the entry is just skipped
        + This fillType has its own set of units for the US Customary unit set
            * This overrides the units set for the "CONSTRUCTION" fillType group for that unit set
            * The order of units used when sand is displayed is as follows:
                - [1] CubicYard (main display unit)
                - [2] Ton
        + The remaining registered unit sets will use the units assigned to the "CONSTRUCTION" fillType group
    - On screens where multiple fillTypes are displayed, the heaviest fillType in the list is generally used.
    - If all groups match in a fillType list, the units registered to the parent group are generally used.

    <fillTypes>
        <fillType name="wheat" group="grain" displayMass="0.78">
            <unitSet name="usCustomary">
                <unit name="bushel"/>
            </unitSet>
        </fillType>
        <fillType name="ROUNDBALE_ALFALFA" group="OTHER"/>
        <fillType name="gravel" group="construction"/>
        <fillType name="sand" group="construction>
            <unitSet name="usCustomary">
                <unit name="CubicYard"/>
                <unit name="Ton/>
            </unitSet>
        </fillType>
    </fillTypes>

===================================================================================================
-->

<map>
    <fillTypeGroups>
    </fillTypeGroups>

    <fillTypes>
    </fillTypes>
</map>
