<!--
=============================================================================================

* UNITS:
    - You can have as many units as you want.

    - Current <unit> keys:
        + name: name of unit (must be unique)
        + factor: amount of new units per liter (default: 1)
            * if type = "weight", factor is amount of new units per kilogram
        + precision: maximum number of decimal places to display (default: 0)
            * higher precision allows for more accurate values (i.e. 0.6 tons vs 1 ton)
                - example: 0.4 tons would display as 0 (empty) on certain screens if precision was zero
            * most screens use "dynamic" precision, meaning the larger the number the fewer decimal places displayed
                - example: 0.45 tons, 10.52 tons, 142.6 tons, 1110 tons (changes depending on numeric length)
        + type: type of unit (default: "volume")
            * text case does not matter (i.e "volume" is the same as "Volume" or "VOLUME")
            * currently available unit types:
                - volume
                - weight
        + title: unit display title (default: $l10n_ucUnit_[unitName] or unit name if l10n entry is not defined)
            * example: title="$l10n_ucUnit_bushel"
            * example: title="$l10n_bushel" (l10n entry can be named anything)
            * example: title="Bushel" (plain text allowed)
        + titleShort: unit abbreviated title [default = $l10n_ucUnit_[NAME]Short or "" (blank) if l10n entry is missing]
            * example: title="$l10n_ucUnit_bushelShort"
            * example: title="$l10n_bushelShort" (l10n entry can be named anything)
            * example: title="bu" (plain text allowed)

    - Internally registered units:
        + liter         (volume)
        + bushel        (volume)
        + cubicMeter    (volume)
        + cubicYard     (volume)
        + cubicFoot     (volume)
        + gallon        (volume)
        + fluidOunce    (volume)
        + kilogram      (weight)
        + tonnne        (weight)
        + ounce         (weight)
        + pound         (weight)
        + hundredWeight (weight)
        + ton           (weight)
        + piece         (considered volume)
        + animal        (considered volume)
        + kilowattHours (considered volume)

    Example #1:
    ===========
    - In this example, two new units are created.
    - The first unit, "volumeUnit" has a conversion factor of 0.028378 volumeUnits per liter
        + This unit is of type "volume", meaning it converts without taking display mass into consideration
        + This unit will display 1 decimal place on most screens, less at higher values (i.e. 0.17, 10.4, 102, 1290, etc.)
        + This unit will look in the global (or ModSettings Addon) l10n for "ucUnit_volumeUnit" for the title
        + This unit will look in the global (or ModSettings Addon) l10n for "ucUnit_volumeUnitShort" for the abbreviation
    - The second unit, "weightUnit" has a conversion factor of 2.204623 weightUnits per kilogram
        + This unit is of type "weight" meaning display mass is taken into consideration for conversion
        + This unit will display 2 decimal places on most screens, less at higher values (i.e. 0.14, 10.2, 123, 1004, etc.)
        + This unit will use the plain text "WeightUnit" for its title
        + This unit will use the plain text "wu" for its abbreviation
    - The third unit, bushel is an edit of the internally registered unit
        + The factor is changed to 0.0284 bushels per liter
        + The precision is changed to 0, meaning no decimal places will be displayed
        + The title is changed to plain text "US Bushel"
        + The abbreviation remains unchanged

    <units>
        <unit name="volumeUnit" type="volume" factor="0.028378" precision="1" title="$l10n_ucUnit_weightUnit" titleShort="$l10n_ucUnit_weightUnitShort"/>
        <unit name="weightUnit" type="weight" factor="2.204623" precision="2" title="WeightUnit" titleShort="wu"/>
        <unit name="bushel" factor="0.0284" precision="0" title="US Bushel"/>
    </units>
	
===================================================================================================

* UNIT SETS:
    - These are the unit sets (systems) that will be used in game.
    - You can have as many unit sets as you want and name them anything you want.
    - The <units> section is for setting the default allowed units for the specified unit type (i.e. volume, weight)
        + These values are used at load time to assign default units to new fillType groups
        + These values are also used at load time to assign default units for newly created unit sets (systems)
        + These values are also used on certain screens where a general unit is displayed (no fillTypes involved)

    - Current <unitSet> keys:
        + name: name of unit set (must be unique)
        + title: unit set display title (default = "$l10n_ucUnitSet_[unitSetName] or unit set name if l10n entry is missing
            * example: title="$l10n_ucUnitSet_metric"
            * example: title="$l10n_usCustomary" (l10n entry can be named anything)
            * example: title="Imperial" (plain text allowed)

    - Current <units> keys:
        + type: name of existing unit type (i.e. volume, weight)
            * text case does not matter (i.e "volume" is the same as "Volume" or "VOLUME")
            * currently available unit types:
                - volume
                - weight

    - Current <unit> keys:
        + name: name of existing unit
            * unit must match the type specifed in <units>
            * case does not matter (i.e. "volume" is the same as "Volume" or "VOLUME")

    Example #1:
    ===========
    - In this example, the US Customary unit set is being edited
        + The title has been changed to the plain text value "Imperial"
        + The default units for volume have been replaced with the following entries:
            * Bushel is the first selectable unit (or main display unit)
            * Cubic Yard is the second default unit for all new fillType groups
                - This can be overridden by assigning units at the fillType group or fillType level
        + The default units for weight have been replaced by the following entries:
            * Pound is the only selectable and main weight unit
                - This unit will be the third default unit for all new fillType groups
        + The combined order for new fillType groups (unless otherwise assigned) is as follows:
            * [1] Bushel
            * [2] CubicYard
            * [3] Pound
        + Again, assigning units at the fillType group or fillType level override these defaults
    - The Metric unit set remains unchanged

    <unitSets>
        <unitSet name="usCustomary" title="Imperial">
            <units type="volume"/>
                <unit name="bushel"/>
                <unit name="cubicYard"/>
            </units>
            <units type="weight"/>
                <unit name="pound"/>
            </units>
        </unitset>
    </unitSets>

    Example #2:
    ===========
    - In this example, the Metric unit set is being edited
        + The title remains unchanged
        + The default units for volume have been replaced with the following entries:
            * Liter is the first and only selectable volume unit (or main display unit)
        + The default units for weight remain unchanged
            * Because nothing was entered, the internal defaults are used
        + The combined order for new fillType groups (unless otherwise assigned) is as follows:
            * [1] Liter (main display unit for volume)
            * [2] Tonne (main display unit for weight - internal)
            * [3] Kilogram (internal)
        + Again, assigning units at the fillType group or fillType level override these defaults
    - The US Customary unit set remains unchanged

    <unitSets>
        <unitSet name="METRIC">
            <units type="VOLUME"/>
                <unit name="LITER"/>
            </units>
        </unitset>
    </unitSets>

    Example #3:
    ===========
    - In this example, a new unit set named "hybrid" is created
        + The title for the new unit set is the plain text value "Hybrid"
        + The default units for volume have been set to the following values:
            * Liter is the first selectable volume unit (or main display unit)
            * Bushel is the second default unit
            * CubicYard is the third default unit
        + The default units for weight have been set to the following values:
            * Tonne is the main display unit for weight, and the fourth selectable unit
            * Ton is the fifth selectable unit
            * Kilogram is the sixth selectable unit
            * Pound is the seventh selectable unit
        + The combined order for new fillType groups (unless otherwise assigned) is as follows:
            * [1] Liter (main display unit for volume)
            * [2] Bushel
            * [3] CubicYard
            * [4] Tonne (main display unit for weight)
            * [5] Ton
            * [6] Kilogram
            * [7] Pound
        + Again, assigning units at the fillType group or fillType level override these defaults
    - The US Customary unit set remains unchanged
    - The below example shows how names are all case insensitive

    <unitSets>
        <unitSet name="hybrid" title="Hybrid">
            <units type="VOLUME"/>
                <unit name="LITER"/>
                <unit name="BUSHEL"/>
                <unit name="cubicYard"/>
            </units>
            <units type="weight"/>
                <unit name="tonne"/>
                <unit name="TON"/>
                <unit name="kilogram"/>
                <unit name="POUND"/>
            </units>
        </unitset>
    </unitSets>
	
===================================================================================================
-->

<map>
    <units>
    </units>	

    <unitSets>
    </unitSets>	
</map>
